,Frequency,Route
0,71,3014-3014
1,4,3021-3054
2,61,3022-3014
3,11,3031-3078
4,60,3063-3005
5,133,3042-3030
6,27,3018-3018
7,10,3054-3030
8,7,3006-3033
9,6,3018-3007
10,308,3014-3016
11,5,3037-3063
12,20,3063-3014
13,18,3005-3021
14,3,3018-3068
15,13,3037-3037
16,8,3040-3006
17,34,3066-3016
18,3,3037-3042
19,7,3033-3036
20,87,3030-3030
21,8,3033-3030
22,2,3034-3053
23,6,3031-3065
24,618,3030-3014
25,61,3030-3016
26,3,3022-3028
27,11,3030-3018
28,57,3006-3055
29,7,3063-3033
30,13,3063-3065
31,22,3051-3051
32,85,3019-3019
33,28,3030-3065
34,24,3006-3052
35,12,3033-3006
36,7,3054-3014
37,477,3014-3030
38,33,3055-3038
39,29,3006-3047
40,11,3065-3031
41,36,3014-3065
42,16,3047-3018
43,54,3076-3018
44,22,3007-3047
45,287,3030-3042
46,7,3018-3075
47,51,3019-3063
48,228,3016-3014
49,17,3065-3065
50,14,3005-3040
51,98,3030-3005
52,56,3005-3030
53,70,3052-3049
54,34,3034-3031
55,2,3040-3042
56,69,3016-3016
57,17,3032-3006
58,27,3040-3005
59,1,3016-3075
60,5,3067-3065
61,3,3034-3016
62,44,3014-3006
63,149,3005-3062
64,59,3020-3020
65,45,3014-3067
66,18,3021-3006
67,4,3063-3078
68,14,3034-3051
69,48,3042-3049
70,11,3066-3078
71,103,3016-3031
72,78,3067-3042
73,54,3030-3021
74,1,3049-3033
75,2,3021-3052
76,22,3049-3006
77,21,3035-3018
78,90,3005-3049
79,27,3006-3022
80,65,3052-3035
81,4,3051-3066
82,6,3031-3054
83,15,3030-3034
84,53,3021-3022
85,98,3022-3021
86,13,3062-3021
87,75,3035-3052
88,43,3034-3006
89,71,3049-3035
90,9,3021-3034
91,70,3014-3062
92,35,3006-3034
93,50,3035-3006
94,12,3034-3021
95,60,3042-3042
96,24,3066-3066
97,9,3058-3037
98,11,3045-3080
99,81,3051-3005
100,55,3005-3051
101,31,3021-3031
102,40,3032-3049
103,21,3080-3045
104,6,3021-3047
105,3,3033-3049
106,34,3014-3005
107,61,3038-3038
108,132,3035-3031
109,14,3067-3062
110,40,3075-3038
111,33,3075-3034
112,86,3038-3014
113,79,3049-3030
114,53,3022-3075
115,69,3034-3056
116,74,3049-3052
117,5,3005-3016
118,3,3063-3079
119,32,3042-3035
120,190,3062-3005
121,2,3053-3032
122,61,3031-3008
123,57,3055-3030
124,48,3031-3030
125,21,3066-3063
126,16,3014-3058
127,66,3038-3030
128,36,3014-3068
129,85,3069-3030
130,278,3034-3005
131,44,3036-3042
132,19,3045-3045
133,1,3055-3045
134,12,3042-3007
135,6,3037-3075
136,6,3079-3036
137,20,3047-3007
138,1,3045-3055
139,14,4108-4108
140,8,3080-3019
141,13,3036-3079
142,30,3008-3006
143,4,3019-3045
144,28,3066-3051
145,11,3018-3008
146,98,3056-3034
147,69,3016-3030
148,16,3030-3035
149,78,3030-3069
150,26,3068-3028
151,139,3014-3022
152,15,3065-3014
153,48,3030-3038
154,29,3006-3014
155,35,3016-3069
156,2,3006-3066
157,31,3062-3062
158,188,3055-3063
159,43,3021-3030
160,15,3030-3068
161,18,3008-3008
162,21,3063-3076
163,106,3049-3042
164,17,3028-3068
165,78,3042-3014
166,7,3051-3016
167,13,3075-3007
168,4,3042-3068
169,53,3055-3022
170,20,3056-3006
171,9,3063-3066
172,7,3066-3023
173,16,3034-3069
174,7,3040-3052
175,22,3036-3036
176,5,3065-3049
177,66,3022-3062
178,9,3005-3029
179,19,3020-3019
180,29,3068-3035
181,2,3062-3018
182,13,3019-3020
183,32,3067-3069
184,14,3014-3028
185,20,3069-3034
186,87,3034-3034
187,19,3014-3035
188,26,3062-3042
189,7,3023-3066
190,3,3028-3006
191,63,3007-3075
192,86,3063-3008
193,24,3062-3038
194,15,3069-3035
195,32,3069-3067
196,87,3068-3042
197,10,3006-3007
198,20,3060-3060
199,66,3055-3055
200,94,3020-3067
201,28,3035-3075
202,32,3032-3035
203,16,3076-3008
204,94,3035-3055
205,37,3076-3005
206,45,3035-3063
207,16,3038-3067
208,27,3079-3032
209,28,3063-3058
210,7,3069-3065
211,24,3049-3075
212,262,3005-3031
213,4,3036-3051
214,63,3075-3074
215,1,3053-3005
216,48,3006-3006
217,29,3034-3038
218,59,3022-3036
219,84,3038-3005
220,8,3028-3049
221,7,3025-3074
222,3,3016-3068
223,10,3074-3049
224,1,3053-3051
225,18,3007-3038
226,26,3006-3074
227,13,3021-3055
228,105,3067-3067
229,58,3036-3022
230,52,3031-3075
231,188,3049-3005
232,17,3005-3042
233,52,3068-3031
234,40,3075-3006
235,27,3007-3026
236,14,3014-3063
237,3,3055-3028
238,1,3051-3053
239,136,3014-3027
240,22,3005-3047
241,19,3032-3051
242,13,3065-3069
243,18,3027-3035
244,1,3005-3053
245,2,3037-3026
246,11,3028-3028
247,19,3006-3042
248,5,3074-3025
249,352,3031-3005
250,50,3075-3031
251,29,3067-3038
252,126,3022-3022
253,62,3005-3005
254,49,3052-3052
255,28,3042-3021
256,16,3052-3030
257,4,3028-3062
258,13,3021-3036
259,8,3030-3008
260,21,3036-3021
261,4,3065-3036
262,33,3062-3031
263,60,3005-3038
264,14,3065-3016
265,61,3069-3069
266,16,3038-3029
267,109,3016-3042
268,17,3062-3006
269,254,3005-3034
270,8,3062-3023
271,4,3058-3034
272,24,3023-3031
273,3,3047-3045
274,55,3063-3006
275,11,3006-3062
276,45,3075-3075
277,26,3016-3021
278,19,3021-3016
279,34,3038-3075
280,74,3055-3006
281,43,3021-3014
282,40,3058-3058
283,21,3062-3063
284,2,3053-3006
285,7,3023-3062
286,1,3057-3053
287,27,3006-3032
288,51,3032-3074
289,22,3074-3006
290,5,3078-3067
291,19,3021-3063
292,5,3021-3075
293,20,3067-3021
294,70,3031-3074
295,3,3047-3038
296,4,3055-3066
297,1,3057-3069
298,60,3031-3006
299,50,3038-3031
300,66,3069-3031
301,97,3031-3031
302,119,3006-3031
303,18,3049-3022
304,58,3069-3014
305,77,3074-3067
306,121,3031-3035
307,6,3038-3037
308,61,3023-3042
309,27,3075-3035
310,31,3030-3036
311,51,3032-3032
312,5,3021-3051
313,11,3078-3031
314,80,3055-3035
315,105,3049-3069
316,13,3033-3033
317,69,3022-3042
318,23,3037-3021
319,62,3008-3063
320,8,3066-3065
321,19,3031-3062
322,5,3051-3068
323,6,3031-3023
324,19,3029-3069
325,15,3021-3062
326,17,3069-3019
327,30,3038-3074
328,1,3053-3060
329,46,3068-3021
330,1,3066-3028
331,1,3049-3077
332,25,3019-3033
333,56,3006-3063
334,7,3060-3034
335,41,3074-3038
336,2,3031-3057
337,16,3068-3032
338,185,3031-3032
339,22,3069-3021
340,64,3052-3006
341,1,3077-3049
342,55,3005-3069
343,88,3055-3014
344,13,3075-3058
345,223,3055-3005
346,5,3006-3023
347,55,3069-3005
348,82,3035-3049
349,16,3065-3066
350,18,3021-3037
351,143,3067-3005
352,9,3020-3035
353,5,3028-3054
354,20,3005-3035
355,1,3054-3020
356,3,3078-3068
357,19,3063-3022
358,129,3005-3055
359,7,3014-3055
360,41,3068-3014
361,3,3018-3021
362,86,3032-3067
363,103,3059-3059
364,66,3052-3031
365,5,3037-3029
366,92,3035-3067
367,54,3037-3022
368,12,3035-3026
369,40,3005-3076
370,81,3076-3006
371,3,3018-3053
372,24,3049-3076
373,63,3074-3075
374,7,3030-3028
375,71,3049-3032
376,46,3031-3018
377,2,3021-3040
378,9,3026-3078
379,49,3005-3052
380,28,3038-3021
381,13,3028-3030
382,5,3005-3036
383,14,3068-3069
384,30,3014-3042
385,3,3006-3058
386,6,3021-3018
387,22,3022-3030
388,43,3014-3023
389,4,3056-3057
390,38,3038-3023
391,63,3058-3055
392,1,3036-3078
393,12,3032-3063
394,9,3076-3021
395,26,3052-3063
396,13,3038-3036
397,116,3034-3035
398,14,3063-3018
399,14,3066-3031
400,18,3038-3059
401,6,3069-3052
402,1,3053-3063
403,5,3028-3078
404,12,3058-3062
405,8,3068-3049
406,24,3065-3022
407,30,3059-3038
408,1,3053-3078
409,5,3036-3038
410,117,3005-3008
411,49,3005-3075
412,19,3042-3078
413,164,3042-3027
414,14,3021-3074
415,7,3062-3037
416,57,3030-3022
417,138,3022-3031
418,16,3022-3051
419,16,3022-3023
420,3,3037-3014
421,13,3062-3027
422,28,3075-3063
423,5,3062-3036
424,5,3014-3018
425,1,3067-3053
426,80,3030-3031
427,9,3062-3034
428,149,3032-3034
429,3,3078-3055
430,1,3078-3053
431,19,3038-3062
432,6,3054-3037
433,122,3069-3049
434,11,3051-3062
435,47,3008-3005
436,38,3031-3034
437,4,3042-3026
438,42,3047-3047
439,21,3051-3049
440,62,3069-3022
441,52,3067-3014
442,14,3022-3006
443,5,3058-3052
444,4,3078-3021
445,3,3062-3028
446,7,3052-3058
447,7,3018-3006
448,10,3006-3018
449,33,3067-3008
450,2,3047-3077
451,98,3022-3038
452,3,3052-3068
453,17,3052-3020
454,3,3040-3007
455,67,3038-3022
456,4,3028-3008
457,83,3008-3031
458,19,3038-3058
459,3,3020-3052
460,20,3063-3075
461,21,3067-3029
462,67,3029-3042
463,6,3054-3036
464,30,3042-3067
465,7,3036-3069
466,19,3028-3042
467,1,3010-3007
468,29,3010-3047
469,22,3063-3038
470,77,3022-3005
471,75,3022-3037
472,60,3035-3038
473,85,3005-3006
474,18,3023-3049
475,50,3055-3077
476,16,3030-3058
477,9,3037-3036
478,22,3058-3005
479,31,3031-3014
480,47,3077-3055
481,84,3035-3034
482,14,3027-3021
483,26,3047-3032
484,6,3059-3031
485,70,3006-3005
486,2,3007-3080
487,73,3062-3014
488,10,3065-3078
489,7,3078-3030
490,7,3007-3040
491,8,3080-3010
492,45,3067-3031
493,21,3029-3021
494,19,3076-3035
495,10,3054-3069
496,32,3075-3032
497,39,3038-3035
498,25,3014-3038
499,46,3031-3038
500,8,3030-3054
501,31,3068-3068
502,58,3030-3067
503,18,3036-3014
504,17,3049-3026
505,17,3054-3042
506,162,3034-3032
507,19,3026-3068
508,19,3032-3047
509,43,3021-3058
510,39,3068-3006
511,4,3032-3028
512,20,3030-3055
513,13,3006-3049
514,48,3027-3067
515,1,3053-3038
516,3,3075-3037
517,14,3028-3005
518,26,3042-3063
519,5,3054-3031
520,12,3006-3051
521,198,3047-3019
522,74,3026-3005
523,3,3037-3054
524,13,3042-3005
525,33,3034-3075
526,16,3029-3006
527,11,3034-3033
528,12,3006-3008
529,16,3006-3029
530,39,3021-3021
531,3,3034-3026
532,57,3032-3042
533,52,3067-3030
534,33,3036-3058
535,34,3063-3063
536,43,3052-3074
537,42,3067-3033
538,23,3037-3055
539,29,3033-3067
540,43,3058-3036
541,5,3006-3027
542,18,3075-3051
543,30,3021-3042
544,25,3051-3075
545,84,3067-3006
546,70,3014-3066
547,120,3042-3023
548,7,3023-3019
549,61,3075-3022
550,1,3066-3032
551,57,3055-3058
552,1,3053-3056
553,31,3055-3079
554,120,3069-3042
555,73,3031-3016
556,38,3032-3079
557,26,3042-3062
558,8,3075-3018
559,20,3042-3058
560,13,3058-3069
561,35,3055-3016
562,74,3047-3010
563,9,3055-3020
564,68,3042-3019
565,29,3014-3079
566,82,3047-3008
567,12,3020-3055
568,28,3069-3038
569,18,3016-3052
570,20,3063-3034
571,18,3022-3063
572,103,3079-3016
573,26,3068-3030
574,5,3008-3018
575,28,3063-3069
576,17,3075-3042
577,127,3030-3019
578,14,3016-3019
579,133,3042-3016
580,56,3007-3069
581,73,3068-3055
582,2,3078-3025
583,22,3008-3076
584,73,3069-3062
585,32,3063-3019
586,88,3056-3056
587,47,3069-3007
588,115,3016-3079
589,13,3022-3008
590,3,3016-3006
591,37,3016-3029
592,6,3062-3051
593,108,3029-3030
594,23,3042-3038
595,57,3068-3005
596,2,3077-3021
597,30,3028-3014
598,116,3032-3031
599,22,3069-3066
600,94,3019-3030
601,34,3035-3032
602,14,3027-3049
603,23,3035-3014
604,28,3055-3029
605,15,3051-3018
606,22,3032-3052
607,15,3077-3018
608,36,3019-3014
609,62,3027-3005
610,13,3008-3022
611,12,3051-3022
612,26,3069-3058
613,4,3025-3005
614,15,3076-3063
615,33,3079-3031
616,43,3049-3031
617,1,3010-3005
618,67,3042-3069
619,110,3031-3022
620,13,3062-3058
621,12,3064-3033
622,7,3033-3042
623,5,3038-3047
624,2,3067-3018
625,78,3066-3014
626,65,3067-3074
627,28,3031-3049
628,22,3069-3026
629,9,3019-3021
630,57,3074-3031
631,25,3079-3014
632,19,3049-3021
633,53,3047-3035
634,26,3064-3021
635,8,3052-3047
636,11,3018-3034
637,22,3049-3023
638,8,3058-3030
639,63,3047-3034
640,1,3030-3040
641,24,3035-3076
642,40,3030-3049
643,1,3063-3080
644,17,3028-3026
645,45,3042-3022
646,5,3080-3077
647,16,3006-3021
648,56,3007-3034
649,7,3023-3006
650,20,3075-3049
651,27,3038-3034
652,74,3067-3049
653,20,3054-3054
654,7,3066-3007
655,93,3067-3020
656,29,3042-3064
657,57,3075-3069
658,15,3014-3036
659,42,3042-3079
660,35,3019-3005
661,8,3074-3057
662,7,3058-3075
663,59,3040-3056
664,74,3049-3067
665,14,3005-3027
666,113,3042-3031
667,2,3079-4108
668,13,3019-3069
669,11,3067-3036
670,9,3078-3026
671,4,3060-3076
672,31,3026-3049
673,5,3049-3028
674,2,3076-3060
675,23,3079-3030
676,6,3047-3052
677,40,3068-3007
678,3,3028-3029
679,143,3052-3064
680,30,3030-3079
681,10,3021-3029
682,17,3063-3032
683,4,3016-3018
684,82,3046-3046
685,26,3014-3021
686,48,3038-3006
687,49,3029-3022
688,77,3064-3064
689,38,3034-3007
690,15,3016-3036
691,6,3005-3025
692,54,3030-3063
693,24,3014-3007
694,93,3014-3076
695,115,3064-3038
696,44,3074-3032
697,37,3068-3063
698,9,3064-3068
699,25,3065-3030
700,4,3027-3033
701,13,3007-3014
702,53,3076-3076
703,15,3029-3062
704,24,3036-3030
705,13,3036-3016
706,140,3016-3023
707,13,3046-3030
708,11,3005-3033
709,20,3031-3055
710,32,3067-3027
711,148,3069-3064
712,85,3023-3014
713,54,3006-3076
714,18,3068-3067
715,9,3055-3067
716,28,3040-3040
717,5,3027-3032
718,33,3027-3027
719,59,3064-3005
720,6,3031-3036
721,10,3027-3069
722,93,3006-3038
723,27,3007-3007
724,7,3033-3005
725,5,3038-3028
726,42,3063-3035
727,7,3030-3033
728,4,3057-3035
729,10,3007-3021
730,19,3040-3035
731,28,3067-3054
732,39,3063-3030
733,36,3005-3032
734,22,3040-3064
735,3,3023-3079
736,8,3054-3021
737,98,3032-3064
738,17,3021-3067
739,3,3079-3064
740,6,3014-3008
741,21,3077-3067
742,9,3052-3038
743,130,3056-3047
744,13,3056-3075
745,19,3067-3077
746,23,3011-3011
747,5,3028-3065
748,20,3022-3016
749,14,3067-3034
750,12,3016-3063
751,22,3021-3038
752,6,3040-3014
753,15,3063-3042
754,167,3027-3042
755,6,3055-3068
756,41,3056-3032
757,9,3011-3064
758,16,3016-3005
759,8,3005-3066
760,25,3038-3051
761,3,3038-3040
762,25,3068-3074
763,31,3074-3005
764,5,3054-3055
765,2,4108-3006
766,52,3019-3042
767,53,3049-3049
768,80,3005-3067
769,26,3069-3036
770,7,3027-3052
771,12,3030-3074
772,1,3045-3011
773,11,3051-3021
774,3,3076-3033
775,41,3051-3038
776,29,3022-3055
777,25,3034-3067
778,12,3005-3058
779,49,3074-3074
780,4,3078-3063
781,10,3056-3033
782,1,3033-3078
783,1,3078-3006
784,138,3067-3064
785,8,3057-3074
786,32,3038-3066
787,11,3040-3074
788,26,3052-3032
789,26,3031-3047
790,129,3047-3056
791,2,3079-3027
792,9,3014-3049
793,109,3055-3064
794,6,3006-3040
795,3,3014-3052
796,15,3066-3030
797,112,3014-3031
798,4,3034-3010
799,9,3052-3040
800,3,3064-4108
801,19,3030-3027
802,30,3035-3035
803,22,3035-3005
804,13,3027-3062
805,6,3007-3042
806,7,3006-3064
807,42,3064-3018
808,44,3074-3034
809,8,3066-3005
810,43,3034-3047
811,8,3047-3011
812,6,3011-3057
813,26,3035-3069
814,12,3007-3062
815,4,3057-3025
816,17,3025-3020
817,5,3020-3045
818,56,3030-3064
819,1,3078-3020
820,3,3045-3036
821,33,3019-3035
822,28,3008-3075
823,16,3026-3063
824,44,3067-3022
825,32,3035-3019
826,44,3018-3076
827,3,3010-3077
828,117,3023-3016
829,29,3023-3078
830,6,3064-3066
831,10,3051-3030
832,34,3036-3048
833,9,3048-3054
834,58,3019-3056
835,6,3054-3058
836,19,3062-3064
837,40,3074-3076
838,5,3037-3081
839,6,3081-3080
840,22,3081-3081
841,3,3010-3055
842,9,3080-3060
843,6,3033-3029
844,49,3019-3034
845,7,3060-3010
846,16,3030-3066
847,12,3010-3059
848,7,3059-3077
849,73,3027-3031
850,2,3058-3056
851,52,3049-3014
852,7,3032-3022
853,5,3077-3076
854,52,3006-3035
855,61,3032-3019
856,84,3024-3024
857,23,3049-3051
858,31,3024-3052
859,35,3033-3014
860,10,3033-3064
861,24,3026-3069
862,17,3031-3029
863,12,3062-3055
864,4,3040-3038
865,16,3021-3069
866,21,3007-3074
867,38,3077-3031
868,61,3027-3022
869,1,3040-3029
870,20,3005-3018
871,20,3010-3074
872,4,3034-3040
873,4,3011-3080
874,29,3030-3006
875,16,3016-3064
876,139,3022-3058
877,6,3018-3077
878,22,3021-3005
879,13,3069-3032
880,152,3052-3005
881,145,3058-3022
882,30,3027-3064
883,1,3040-3028
884,6,3066-3046
885,7,3066-3038
886,2,3032-3046
887,1,3059-3054
888,29,3026-3026
889,7,3048-3006
890,26,3031-3042
891,42,3064-3051
892,28,3047-3067
893,29,3075-3064
894,3,3023-3047
895,45,3074-3063
896,10,3037-3032
897,12,3032-3062
898,55,3005-3022
899,2,3054-3063
900,35,3058-3021
901,58,3042-3048
902,14,3018-3055
903,18,3016-3049
904,22,3063-3027
905,27,3008-3035
906,20,3027-3055
907,16,3051-3034
908,11,3027-3038
909,4,3065-3046
910,9,3049-3019
911,37,3022-3027
912,5,3040-3030
913,3,3066-3056
914,83,3063-3064
915,53,3064-3030
916,4,3021-3019
917,19,3063-3059
918,18,3067-3048
919,5,3074-3040
920,113,3038-3042
921,64,3034-3019
922,40,3056-3046
923,71,3019-3006
924,32,3024-3068
925,43,3007-3063
926,5,3046-3024
927,93,3014-3069
928,17,3046-3063
929,2,3016-3033
930,15,3069-3016
931,47,3024-3069
932,21,3076-3030
933,49,3024-3030
934,31,3068-3024
935,13,3042-3028
936,4,3024-3046
937,2,3038-3010
938,10,3007-3029
939,59,3006-3019
940,26,3006-3030
941,26,3006-3075
942,17,3046-3069
943,10,3006-3025
944,27,3026-3007
945,31,3056-3074
946,19,3068-3075
947,8,3037-3031
948,46,3067-3076
949,1,3030-4108
950,28,3075-3055
951,17,3074-3056
952,17,3052-3051
953,20,3064-3014
954,21,3011-3076
955,13,3076-3031
956,101,3067-3035
957,35,3067-3037
958,5,3036-3075
959,20,3019-3011
960,19,3035-3007
961,19,3032-3075
962,16,3037-3067
963,37,3063-3074
964,7,3032-3014
965,18,3019-3064
966,94,3019-3047
967,8,3048-3063
968,3,3026-3018
969,3,3040-3062
970,59,3029-3014
971,41,3014-3029
972,37,3064-3058
973,21,3016-3066
974,1,3045-3019
975,22,3055-3018
976,12,3021-3064
977,31,3025-3019
978,6,3052-3014
979,4,3019-3049
980,149,3024-3042
981,19,3062-3024
982,1,3010-3019
983,11,3008-3026
984,10,3042-3052
985,31,3067-3063
986,25,3033-3038
987,12,3038-3027
988,10,3031-3037
989,18,3005-3011
990,132,3030-3023
991,4,3006-3026
992,7,3027-3058
993,1,3025-3080
994,14,3059-3074
995,7,3056-3040
996,51,3022-3007
997,183,3027-3014
998,5,3080-3080
999,27,3022-3029
1000,19,3031-3058
1001,23,3025-3025
1002,13,3065-3027
1003,22,3035-3037
1004,7,3026-3006
1005,23,3058-3014
1006,10,3027-3065
1007,17,3065-3026
1008,11,3074-3014
1009,13,3067-3055
1010,48,3074-3055
1011,30,3008-3049
1012,14,3074-3021
1013,23,3063-3049
1014,31,3066-3024
1015,90,3052-3008
1016,6,3063-3016
1017,42,3031-3063
1018,63,3066-3019
1019,7,3035-3021
1020,32,3007-3035
1021,46,3024-3016
1022,7,3055-3021
1023,6,3034-3049
1024,9,3027-3016
1025,18,3016-3024
1026,10,3021-3023
1027,8,3023-3046
1028,41,3014-3010
1029,9,3016-3038
1030,52,3014-3048
1031,17,3052-3007
1032,4,3028-3024
1033,60,3062-3022
1034,10,3027-3029
1035,55,3075-3005
1036,21,3048-3021
1037,29,3064-3019
1038,15,3023-3069
1039,3,3022-3066
1040,66,3024-3064
1041,11,3014-3074
1042,19,3064-3024
1043,2,3079-3065
1044,3,3024-3028
1045,14,3019-3032
1046,21,3052-3069
1047,32,3022-3069
1048,18,3007-3019
1049,28,3074-3035
1050,9,3016-3078
1051,47,3064-3075
1052,3,3068-3078
1053,6,3005-3046
1054,2,3037-3069
1055,11,3016-3048
1056,28,3035-3016
1057,50,3051-3064
1058,5,3028-3021
1059,5,3066-3068
1060,36,3055-3037
1061,14,3031-3076
1062,37,3007-3052
1063,35,3008-3064
1064,18,3048-3016
1065,6,3066-3022
1066,2,3065-3079
1067,19,3075-3030
1068,5,3019-3007
1069,41,3032-3008
1070,26,3027-3019
1071,25,3046-3021
1072,7,3069-3037
1073,4,3033-3007
1074,3,3025-3032
1075,3,3068-3047
1076,2,3028-3052
1077,28,3024-3007
1078,6,3032-3024
1079,45,3046-3064
1080,11,3019-3031
1081,6,3016-3055
1082,17,3032-3005
1083,15,3007-3030
1084,8,3024-3011
1085,42,3076-3067
1086,85,3010-3014
1087,10,3049-3055
1088,34,3063-3031
1089,34,3024-3014
1090,15,3069-3024
1091,17,3054-3067
1092,58,3056-3019
1093,53,3064-3042
1094,23,3019-3066
1095,10,3035-3056
1096,40,3019-3074
1097,18,3032-3038
1098,15,3046-3048
1099,46,3069-3048
1100,44,3048-3055
1101,5,3056-3007
1102,2,3014-3081
1103,99,3068-3064
1104,11,3067-3026
1105,66,3055-3042
1106,41,3008-3067
1107,5,3052-3077
1108,47,3007-3048
1109,12,3057-3057
1110,103,3067-3032
1111,76,3064-3055
1112,3,3052-3018
1113,2,3034-3024
1114,5,3077-3036
1115,17,3026-3067
1116,12,3068-3066
1117,4,3067-3028
1118,180,3064-3031
1119,19,3031-3051
1120,44,3011-3019
1121,16,3062-3033
1122,4,3028-3063
1123,37,3034-3074
1124,7,3033-3034
1125,12,3051-3067
1126,4,3063-3024
1127,24,3055-3031
1128,24,3021-3048
1129,3,3036-3077
1130,8,3074-3022
1131,159,3064-3034
1132,1,3018-3026
1133,73,3048-3022
1134,28,3048-3023
1135,46,3042-3036
1136,8,3058-3032
1137,8,3022-3077
1138,89,3007-3031
1139,16,3077-3022
1140,4,3023-3033
1141,7,3064-3037
1142,24,3048-3024
1143,2,3024-3075
1144,13,3064-3023
1145,138,3031-3064
1146,9,3077-3077
1147,6,3008-3047
1148,120,3064-3067
1149,7,3077-3081
1150,23,3038-3048
1151,14,3018-3038
1152,1,3081-3029
1153,10,3076-3077
1154,6,3075-3059
1155,2,3059-3007
1156,25,3018-3035
1157,1,3075-3078
1158,57,3048-3062
1159,8,3011-3074
1160,32,3069-3006
1161,18,3031-3011
1162,1,3051-3011
1163,21,3006-3077
1164,8,3028-3018
1165,1,3078-3048
1166,3,3047-3055
1167,11,3076-3062
1168,22,3075-3076
1169,71,3007-3018
1170,3,3058-3018
1171,2,3062-3079
1172,15,3063-3062
1173,2,3079-3021
1174,20,3018-3047
1175,24,3076-3047
1176,8,3074-3051
1177,28,3062-3048
1178,1,3021-3010
1179,51,3022-3067
1180,25,3049-3007
1181,5,3060-3047
1182,9,3051-3037
1183,18,3030-3047
1184,81,3038-3064
1185,111,3048-3048
1186,6,3066-3064
1187,27,3007-3049
1188,13,3065-3063
1189,23,3069-3008
1190,1,3075-3016
1191,21,3038-3008
1192,7,3056-3035
1193,3,3077-3063
1194,144,3065-3038
1195,1,3040-3037
1196,24,3008-3038
1197,11,3031-3056
1198,6,3029-3051
1199,3,3005-3045
1200,6,3033-3076
1201,11,3042-3037
1202,11,3051-3048
1203,36,3042-3006
1204,37,3078-3023
1205,1,3023-3077
1206,9,3035-3040
1207,45,3064-3049
1208,21,3048-3029
1209,6,3078-3027
1210,21,3078-3014
1211,3,3048-3008
1212,16,3048-3027
1213,12,3028-3035
1214,11,3026-3064
1215,12,3029-3036
1216,4,3036-3006
1217,6,3027-3048
1218,11,3049-3048
1219,16,3062-3067
1220,31,3008-3069
1221,9,3052-3062
1222,3,3037-3051
1223,6,3036-3049
1224,38,3076-3038
1225,75,3006-3067
1226,22,3005-3014
1227,31,3038-3076
1228,7,3058-3027
1229,2,3040-3055
1230,7,3048-3049
1231,14,3027-3051
1232,26,3022-3054
1233,114,3034-3064
1234,51,3031-3069
1235,3,3055-3054
1236,10,3064-3059
1237,7,3064-3026
1238,2,3049-3058
1239,71,3062-3069
1240,6,3074-3023
1241,12,3034-3055
1242,17,3007-3006
1243,16,3032-3037
1244,11,3064-3040
1245,5,3079-3048
1246,12,3031-3025
1247,116,3007-3064
1248,5,3058-3067
1249,12,3055-3051
1250,19,3049-3008
1251,47,3051-3035
1252,9,3029-3063
1253,8,3023-3074
1254,29,3006-3069
1255,6,3049-3018
1256,1,3037-3034
1257,4,3068-3058
1258,3,3018-3049
1259,23,3029-3065
1260,17,3038-3032
1261,3,3035-3023
1262,10,3034-3042
1263,36,3056-3064
1264,18,3038-3063
1265,48,3064-3056
1266,5,3018-3074
1267,1,3056-3037
1268,20,3067-3023
1269,91,3022-3048
1270,33,3074-3019
1271,7,3014-3020
1272,6,3020-3014
1273,2,3056-3054
1274,51,3049-3046
1275,14,3055-3034
1276,1,3067-3040
1277,12,3051-3063
1278,4,3056-3030
1279,1,3035-3060
1280,35,3049-3063
1281,8,3032-3029
1282,20,3048-3030
1283,3,3069-4108
1284,8,3021-3076
1285,4,3051-3059
1286,13,3046-3062
1287,2,3025-3018
1288,74,3048-3014
1289,1,3034-3036
1290,21,3024-3026
1291,39,3005-3074
1292,28,3014-3046
1293,41,3007-3005
1294,10,3066-3042
1295,15,3063-3023
1296,12,3026-3024
1297,2,3027-3068
1298,23,3005-3007
1299,6,3018-3025
1300,6,3021-3079
1301,5,3033-3074
1302,122,3047-3064
1303,14,3024-3055
1304,39,3029-3048
1305,56,3064-3052
1306,5,3075-3023
1307,2,3018-3014
1308,52,3052-3034
1309,1,3036-3033
1310,4,3023-3029
1311,8,3032-3007
1312,19,3047-3048
1313,12,3016-3067
1314,27,3067-3016
1315,9,3063-3011
1316,4,3052-3024
1317,2,3036-3056
1318,64,3046-3049
1319,1,3030-3056
1320,23,3069-3051
1321,111,3064-3047
1322,98,3069-3075
1323,14,3034-3052
1324,13,3034-3059
1325,30,3007-3008
1326,12,3011-3063
1327,53,3066-3027
1328,26,3051-3006
1329,16,3046-3023
1330,17,3008-3042
1331,1,3046-3016
1332,3,3021-3032
1333,25,3064-3048
1334,6,3077-3032
1335,5,3049-3024
1336,7,3032-3023
1337,19,3059-3063
1338,20,3048-3038
1339,5,3023-3008
1340,24,3014-3078
1341,5,3032-3077
1342,94,3058-3048
1343,6,3067-3058
1344,8,3024-3049
1345,5,3031-3033
1346,89,3048-3058
1347,116,3064-3032
1348,31,3031-3007
1349,16,3029-3005
1350,23,3005-3019
1351,8,3014-3024
1352,4,3056-3036
1353,65,3048-3069
1354,29,3031-3067
1355,5,3040-3034
1356,5,3031-3066
1357,31,3068-3038
1358,8,3024-3027
1359,3,3029-3076
1360,2,3035-3020
1361,47,3026-3014
1362,5,3076-3029
1363,8,3047-3025
1364,25,3030-3026
1365,41,3042-3029
1366,5,3057-3047
1367,18,3068-3023
1368,11,3016-3065
1369,17,3022-3064
1370,11,3076-3074
1371,27,3035-3030
1372,68,3026-3030
1373,36,3024-3062
1374,7,3029-3038
1375,17,3076-3032
1376,24,3035-3008
1377,11,3005-3068
1378,11,3063-3048
1379,37,3079-3079
1380,23,3024-3005
1381,1,3036-3047
1382,13,3081-3016
1383,17,3005-3037
1384,20,3063-3067
1385,40,3030-3048
1386,15,3029-3029
1387,7,3024-3008
1388,4,3016-3007
1389,27,3047-3059
1390,9,3068-3051
1391,1,3059-3022
1392,162,3064-3069
1393,19,3077-3006
1394,48,3035-3047
1395,19,3027-3006
1396,11,3055-3062
1397,1,3052-3078
1398,2,3014-3040
1399,19,3011-3031
1400,1,3078-3046
1401,1,3046-3047
1402,10,3021-3027
1403,16,3014-3019
1404,3,3018-3080
1405,15,3046-3067
1406,3,3016-3081
1407,29,3068-3018
1408,32,3014-3026
1409,3,3016-3040
1410,28,3046-3031
1411,6,3016-3035
1412,7,3016-3037
1413,4,3063-3052
1414,10,3037-3030
1415,4,3037-3068
1416,8,3038-3077
1417,1,3063-3060
1418,46,3062-3059
1419,4,3076-3042
1420,10,3077-3038
1421,8,3069-3033
1422,15,3042-3055
1423,8,3035-3068
1424,20,3035-3074
1425,1,3029-3020
1426,3,3036-3035
1427,23,3034-3063
1428,4,3008-3056
1429,7,3080-3018
1430,29,3049-3016
1431,12,3068-3076
1432,10,3032-3056
1433,2,3079-3074
1434,10,3019-3018
1435,9,3047-3031
1436,22,3076-3022
1437,11,3046-3026
1438,52,3074-3047
1439,5,3027-3018
1440,8,3032-3040
1441,28,3014-3033
1442,21,3046-3014
1443,9,3037-3038
1444,4,3074-3048
1445,13,3036-3037
1446,7,3022-3076
1447,25,3075-3008
1448,1,3078-3032
1449,8,3068-3034
1450,80,3067-3007
1451,21,3067-3075
1452,54,3019-3025
1453,16,3028-3064
1454,48,3079-3042
1455,28,3030-3081
1456,15,3068-3008
1457,51,3037-3048
1458,26,3019-3051
1459,4,3046-3005
1460,10,3064-3007
1461,3,3066-3026
1462,3,3036-3076
1463,29,3018-3064
1464,21,3068-3026
1465,3,3028-3032
1466,10,3042-3054
1467,4,3069-3028
1468,30,3031-3046
1469,2,3051-3028
1470,23,3023-3064
1471,30,3058-3063
1472,15,3052-3048
1473,14,3030-3046
1474,11,3055-3008
1475,4,3033-3021
1476,59,3007-3067
1477,3,3018-3022
1478,10,3008-3055
1479,37,3014-3051
1480,92,3064-3076
1481,45,3076-3064
1482,2,3023-3037
1483,18,3048-3031
1484,3,3021-3078
1485,46,3064-3062
1486,2,3032-3065
1487,19,3021-3046
1488,1,3025-3066
1489,19,3079-3022
1490,2,3048-3074
1491,3,3049-3078
1492,25,3032-3069
1493,24,3005-3063
1494,27,3055-3074
1495,4,3037-3023
1496,1,3065-3074
1497,10,3076-3034
1498,2,3026-3038
1499,53,3005-3048
1500,12,3034-3076
1501,11,3069-3047
1502,59,3035-3051
1503,12,3077-3005
1504,17,3024-3031
1505,99,3064-3063
1506,28,3032-3030
1507,26,3030-3032
1508,20,3064-3022
1509,17,3019-3076
1510,5,3019-3077
1511,14,3019-3027
1512,14,3018-3019
1513,1,3024-3037
1514,20,3076-3019
1515,15,3029-3064
1516,37,3035-3011
1517,26,3051-3019
1518,2,3047-3068
1519,4,3007-3078
1520,10,3016-3051
1521,10,3035-3028
1522,15,3029-3027
1523,9,3034-3011
1524,23,3005-3023
1525,29,3051-3074
1526,3,3023-3024
1527,5,3078-3022
1528,37,3048-3036
1529,5,3011-3014
1530,1,4108-3036
1531,16,3024-3051
1532,32,3029-3049
1533,6,3011-3018
1534,6,3035-3025
1535,28,3069-3023
1536,7,3036-3062
1537,19,3074-3069
1538,7,3024-3067
1539,17,3069-3074
1540,3,3031-3059
1541,9,3059-3067
1542,5,3011-3034
1543,6,3022-3033
1544,13,3033-3047
1545,4,3060-3055
1546,4,3069-3040
1547,66,3005-3064
1548,5,3026-3027
1549,14,3027-3030
1550,8,3038-3019
1551,19,3040-3008
1552,16,3018-3069
1553,5,3023-3018
1554,26,3076-3069
1555,6,3040-3069
1556,18,3069-3076
1557,1,3055-3060
1558,19,3038-3055
1559,8,3026-3008
1560,17,3064-3029
1561,5,3008-3068
1562,5,3033-3051
1563,5,3034-3077
1564,19,3014-3064
1565,8,3063-3021
1566,10,3064-3028
1567,37,3048-3037
1568,12,3008-3040
1569,11,3040-3032
1570,8,3029-3008
1571,16,3023-3048
1572,53,3035-3064
1573,6,3037-3005
1574,8,3048-3046
1575,25,3049-3074
1576,9,3051-3025
1577,4,3008-3054
1578,2,3025-3008
1579,7,3068-3056
1580,4,3075-3021
1581,14,3011-3005
1582,25,3054-3022
1583,3,3054-3027
1584,37,3068-3048
1585,4,3024-3074
1586,6,3008-3024
1587,2,3056-3023
1588,2,3042-3047
1589,10,3011-3045
1590,18,3064-3006
1591,9,3027-3034
1592,12,3051-3014
1593,24,3051-3008
1594,8,3074-3052
1595,44,3055-3048
1596,70,3008-3032
1597,15,3031-3027
1598,9,3058-3038
1599,5,3006-3054
1600,11,3076-3075
1601,76,3048-3042
1602,7,3036-3064
1603,51,3023-3023
1604,9,3007-3076
1605,21,3038-3069
1606,4,3054-3006
1607,2,3010-3033
1608,2,3021-3077
1609,38,3007-3022
1610,5,3021-3035
1611,7,3065-3062
1612,53,3063-3055
1613,44,3028-3031
1614,8,3024-3066
1615,1,3006-3028
1616,9,3065-3067
1617,15,3078-3078
1618,5,3077-3034
1619,34,3031-3052
1620,2,3069-3025
1621,9,3068-3029
1622,2,3027-3037
1623,3,3029-3026
1624,34,3031-3020
1625,18,3064-3025
1626,1,3057-3029
1627,3,3042-3074
1628,3,3046-3035
1629,1,3020-3011
1630,93,3038-3065
1631,4,3011-3042
1632,4,3018-3011
1633,4,3025-3033
1634,15,3030-3076
1635,30,3049-3064
1636,2,3008-3030
1637,17,3025-3006
1638,4,3040-3024
1639,2,3025-3067
1640,10,3024-3032
1641,22,3055-3007
1642,1,3067-3059
1643,3,3081-3075
1644,2,3008-3058
1645,36,3030-3029
1646,6,3029-3016
1647,4,3075-3081
1648,5,3079-3005
1649,91,3064-3035
1650,12,3006-3056
1651,23,3058-3064
1652,48,3011-3008
1653,8,3030-3062
1654,1,3078-3058
1655,4,3064-3079
1656,6,3077-3030
1657,14,3062-3030
1658,6,3059-3076
1659,3,3076-3010
1660,12,3079-3038
1661,34,3059-3047
1662,7,3034-3018
1663,6,3014-3059
1664,4,3016-3026
1665,5,3059-3014
1666,50,3023-3030
1667,13,3074-3062
1668,5,3026-3034
1669,3,3046-3008
1670,4,3008-3046
1671,7,3024-3063
1672,57,3047-3074
1673,18,3024-3022
1674,20,3052-3016
1675,13,3023-3027
1676,6,3011-3047
1677,11,3062-3035
1678,1,3018-3081
1679,16,3008-3007
1680,23,3051-3069
1681,39,3018-3031
1682,20,3018-3056
1683,4,3065-3051
1684,1,3027-3028
1685,10,3033-3031
1686,17,3069-3029
1687,8,3019-3059
1688,8,3034-3060
1689,2,3021-3081
1690,3,3059-3080
1691,4,3068-3046
1692,60,3081-3030
1693,10,3005-3077
1694,15,3077-3037
1695,7,3051-3058
1696,22,3024-3048
1697,4,3056-3069
1698,38,3011-3035
1699,1,3046-3025
1700,3,3026-3055
1701,3,3007-3056
1702,12,3006-3048
1703,5,3026-3074
1704,2,3052-3075
1705,6,3051-3055
1706,1,3075-3052
1707,13,3029-3067
1708,1,3026-3029
1709,5,3062-4108
1710,13,3067-3046
1711,13,3067-3079
1712,21,3027-3063
1713,5,3031-3024
1714,22,3016-3022
1715,4,3074-3008
1716,2,3022-3068
1717,8,3018-3029
1718,20,3076-3048
1719,1,3028-3025
1720,16,3068-3022
1721,9,3040-3031
1722,15,3028-3023
1723,8,3019-3008
1724,3,3028-3051
1725,1,3005-3028
1726,18,3007-3051
1727,4,3054-3049
1728,13,3035-3062
1729,4,3046-3036
1730,8,3022-3035
1731,1,3054-3047
1732,2,3065-3019
1733,5,3008-3028
1734,3,3016-3062
1735,4,3051-3046
1736,5,3034-3065
1737,10,3051-3029
1738,6,3074-3030
1739,12,3042-3032
1740,3,3027-3047
1741,4,3074-3011
1742,12,3074-3018
1743,17,3066-3067
1744,11,3055-3033
1745,7,3033-3055
1746,22,3033-3019
1747,25,3024-3023
1748,1,3038-3026
1749,3,3005-3024
1750,26,3031-3021
1751,2,3027-3024
1752,9,3023-3022
1753,6,3055-3023
1754,10,3048-3076
1755,7,3047-3069
1756,13,3026-3065
1757,7,3055-3049
1758,37,3051-3032
1759,7,3030-3007
1760,10,3026-3042
1761,16,3033-3062
1762,4,3036-3063
1763,3,3047-3060
1764,3,3056-3042
1765,7,3025-3035
1766,4,3007-3011
1767,10,3069-3018
1768,14,3067-3066
1769,1,3078-3075
1770,3,3055-3024
1771,7,3023-3036
1772,6,3048-3067
1773,3,3078-3016
1774,7,3036-3023
1775,10,3048-3064
1776,5,3008-3021
1777,4,3059-3018
1778,12,3018-3032
1779,1,3018-3066
1780,6,3078-3065
1781,32,3008-3052
1782,48,3047-3005
1783,2,3026-3047
1784,29,3027-3007
1785,5,3074-3026
1786,9,3020-3075
1787,5,3029-3035
1788,12,3027-3066
1789,2,3079-3024
1790,6,3024-3018
1791,7,3024-3079
1792,5,3019-3029
1793,17,3024-3035
1794,7,3075-3019
1795,1,3040-3023
1796,13,3077-3007
1797,7,3024-3006
1798,15,3019-3075
1799,5,3022-3032
1800,2,3027-3011
1801,3,3008-3034
1802,2,3057-3064
1803,1,3006-3057
1804,5,3079-3023
1805,2,3057-3075
1806,1,3047-3020
1807,4,3036-3011
1808,68,3066-3069
1809,2,3035-3029
1810,5,3075-3020
1811,3,3034-3027
1812,8,3076-3007
1813,18,3026-3035
1814,7,3040-3011
1815,5,3027-3008
1816,14,3042-3008
1817,16,3047-3006
1818,4,3066-3075
1819,5,3032-3018
1820,27,3031-3048
1821,6,3048-3066
1822,19,3064-3046
1823,2,3049-3068
1824,2,3033-3069
1825,4,3049-3065
1826,1,3023-3080
1827,4,3024-3065
1828,1,3065-3024
1829,7,3005-3057
1830,2,3046-3057
1831,1,3080-3063
1832,4,3051-3023
1833,8,3031-3040
1834,18,3029-3066
1835,2,3022-3018
1836,3,3028-3022
1837,1,3040-3027
1838,5,3063-3054
1839,8,3064-3027
1840,9,3069-3027
1841,2,3033-3063
1842,23,3019-3038
1843,15,3046-3042
1844,19,3055-3075
1845,2,3056-3014
1846,25,3056-3063
1847,1,3052-3054
1848,2,3024-3056
1849,1,3048-3040
1850,4,3063-3007
1851,17,3055-3076
1852,2,3045-3020
1853,2,3040-3036
1854,1,3036-3018
1855,22,3069-3063
1856,26,3064-3008
1857,2,3024-3058
1858,1,3058-3008
1859,2,3033-3058
1860,6,3023-3063
1861,14,3075-3067
1862,23,3008-3051
1863,15,3028-3069
1864,4,3014-3032
1865,1,3058-3076
1866,5,3062-3007
1867,105,3056-3025
1868,109,3025-3056
1869,2,3046-3019
1870,2,3060-3081
1871,2,3081-3038
1872,17,3077-3069
1873,14,3074-3064
1874,2,3034-3046
1875,1,3020-3046
1876,1,3037-3058
1877,9,3058-3077
1878,6,3024-3021
1879,8,3006-3011
1880,3,3059-3057
1881,8,3052-3011
1882,36,3029-3031
1883,2,3018-3030
1884,3,3007-3077
1885,22,3075-3048
1886,20,3057-3056
1887,53,3010-3010
1888,1,3021-3028
1889,2,3078-3049
1890,15,3048-3047
1891,8,3052-3056
1892,4,3035-3027
1893,1,3021-3033
1894,36,3076-3014
1895,9,3059-3019
1896,1,3028-3019
1897,16,3030-3024
1898,6,3035-3022
1899,6,3033-3022
1900,5,3018-3020
1901,1,3058-3074
1902,1,3021-3026
1903,8,3027-3023
1904,1,3054-3074
1905,10,3068-3077
1906,8,3064-3077
1907,8,3008-3019
1908,23,3042-3024
1909,4,3021-3008
1910,79,3066-3035
1911,11,3076-3049
1912,3,3036-3074
1913,33,3052-3023
1914,14,3055-3036
1915,6,3019-3016
1916,8,3006-3036
1917,6,3026-3046
1918,6,3066-3058
1919,5,3021-3049
1920,9,3020-3005
1921,7,3011-3006
1922,7,3026-3032
1923,9,3030-3075
1924,5,3016-3027
1925,8,3047-3033
1926,29,3031-3019
1927,11,3056-3005
1928,9,3005-3056
1929,4,3048-3032
1930,9,3020-3031
1931,46,3035-3066
1932,2,3046-3065
1933,1,3040-3033
1934,11,3051-3031
1935,5,3046-3027
1936,2,3016-3074
1937,9,3075-3077
1938,4,3047-3023
1939,4,3023-3011
1940,2,3011-3075
1941,1,3016-3059
1942,109,3026-3051
1943,5,3034-3008
1944,5,3062-3077
1945,19,3058-3042
1946,2,3007-3068
1947,3,3038-3016
1948,9,3077-3062
1949,78,3048-3007
1950,11,3036-3067
1951,4,3010-3075
1952,1,3075-3010
1953,3,3078-3064
1954,3,3008-3036
1955,10,3023-3052
1956,5,3038-3079
1957,5,3052-3037
1958,23,3081-3014
1959,3,3079-3055
1960,1,3046-3075
1961,21,3018-3005
1962,38,3063-3026
1963,94,3051-3026
1964,57,3008-3011
1965,3,3020-3032
1966,2,3026-3058
1967,6,3020-3051
1968,3,3074-3029
1969,1,3028-3040
1970,5,3029-3074
1971,3,3031-3028
1972,2,3007-3046
1973,13,3064-3074
1974,2,3033-3056
1975,17,3055-3081
1976,56,3048-3005
1977,31,3031-3077
1978,2,3047-3040
1979,1,3067-3010
1980,1,3035-3024
1981,1,3065-3021
1982,10,3055-3027
1983,32,3032-3058
1984,16,3023-3067
1985,11,3023-3038
1986,10,3019-3055
1987,1,3024-3019
1988,5,3046-3032
1989,2,3010-3011
1990,10,3046-3022
1991,9,3048-3052
1992,13,3032-3011
1993,3,3007-3036
1994,6,3068-3016
1995,1,3031-3026
1996,3,3058-3051
1997,6,3069-3054
1998,1,3054-3035
1999,7,3063-3051
2000,1,3077-3052
2001,7,3035-3077
2002,7,3065-3034
2003,3,3021-3068
2004,4,3042-3066
2005,3,3059-3055
2006,17,3022-3049
2007,4,3018-3042
2008,1,3011-3021
2009,2,3067-3081
2010,7,3027-3075
2011,16,3074-3080
2012,1,3046-3007
2013,1,3056-3021
2014,9,3048-3077
2015,11,3049-3011
2016,4,3025-3047
2017,1,3079-3054
2018,8,3019-3010
2019,1,3081-4108
2020,28,3069-3055
2021,7,3034-3048
2022,7,3011-3049
2023,2,3011-3023
2024,2,3052-3025
2025,4,3005-3065
2026,23,3048-3034
2027,1,3037-3062
2028,13,3065-3064
2029,6,3025-3031
2030,1,3023-3010
2031,8,3077-3023
2032,7,3063-3047
2033,3,3008-3048
2034,3,3007-3025
2035,1,3018-3037
2036,3,3062-3056
2037,1,3066-3018
2038,1,3078-3079
2039,1,3054-3079
2040,14,3038-3049
2041,1,3057-3031
2042,13,3056-3011
2043,9,3062-3029
2044,8,3014-3054
2045,2,3054-3045
2046,2,3075-3024
2047,1,3045-3054
2048,1,3075-3046
2049,2,3008-3023
2050,4,3030-3011
2051,3,3063-3037
2052,2,3048-3011
2053,3,3008-3027
2054,6,3077-3058
2055,1,3077-3008
2056,5,3055-3047
2057,4,3029-3033
2058,3,3033-3020
2059,4,3063-3077
2060,3,3035-3033
2061,2,3010-3060
2062,59,3055-3032
2063,4,3040-3047
2064,36,3049-3038
2065,6,3076-3058
2066,5,3074-3042
2067,13,3054-3081
2068,14,3081-3054
2069,1,3037-3027
2070,4,3027-3076
2071,1,3062-3060
2072,3,3024-3036
2073,8,3047-3042
2074,10,3081-3037
2075,7,3058-3031
2076,5,3060-3080
2077,5,3075-3011
2078,1,3033-3011
2079,1,3060-3031
2080,2,3024-3047
2081,3,3049-3036
2082,5,3047-3051
2083,4,3035-3057
2084,12,3042-3065
2085,5,3019-3080
2086,9,3027-3057
2087,2,3055-3059
2088,12,3022-3079
2089,1,3066-3048
2090,10,3019-3060
2091,8,3038-3046
2092,4,3077-3080
2093,73,3056-3060
2094,45,3055-3069
2095,10,3057-3027
2096,1,3060-3035
2097,13,3051-3052
2098,3,3065-3023
2099,2,3028-3048
2100,1,3077-3010
2101,1,3010-3051
2102,4,3016-3076
2103,10,3023-3021
2104,2,3008-3078
2105,4,3055-3011
2106,4,3034-3062
2107,4,3026-3031
2108,9,3045-3016
2109,18,3032-3016
2110,64,3022-3026
2111,32,3007-3027
2112,10,3064-3020
2113,13,3069-3060
2114,12,3077-3048
2115,11,3060-3042
2116,2,3060-3051
2117,8,3016-3045
2118,1,3057-3014
2119,63,3060-3056
2120,13,3065-3042
2121,2,3077-3020
2122,29,3047-3076
2123,2,3020-3077
2124,5,3049-3034
2125,4,3031-3068
2126,12,3016-3032
2127,93,3026-3022
2128,3,3047-3062
2129,2,3032-3021
2130,5,3078-3024
2131,25,3034-3030
2132,2,3063-3068
2133,9,3027-3060
2134,7,3022-3065
2135,2,3029-3034
2136,3,3040-3049
2137,6,3019-3023
2138,1,3060-3067
2139,2,3026-3023
2140,5,3079-3063
2141,3,3027-3056
2142,1,3035-3058
2143,1,3080-3020
2144,4,3032-3033
2145,2,3045-3051
2146,8,3051-3027
2147,23,3030-3051
2148,3,3074-3024
2149,21,3007-3055
2150,2,3019-3068
2151,3,3080-3059
2152,1,3065-3007
2153,3,3068-3019
2154,15,3007-3023
2155,5,3023-3051
2156,7,3064-3016
2157,3,3051-3033
2158,10,3005-3020
2159,9,3063-3036
2160,6,3022-3034
2161,3,3081-3006
2162,3,3065-3005
2163,3,3006-3081
2164,9,3026-3033
2165,6,3076-3081
2166,7,3016-3028
2167,3,3008-3037
2168,5,3048-3033
2169,9,3029-3055
2170,1,3018-3052
2171,12,3048-3075
2172,24,3077-3042
2173,14,3055-3065
2174,8,3042-3076
2175,6,3046-3038
2176,3,3065-3055
2177,2,3034-3037
2178,8,3047-3075
2179,10,3005-3059
2180,1,3060-3062
2181,3,3080-3025
2182,1,3078-3056
2183,1,3056-3078
2184,1,3075-3026
2185,2,3037-3049
2186,4,3057-3011
2187,4,3011-3056
2188,2,3023-3032
2189,12,3032-3076
2190,3,3028-3047
2191,29,3051-3042
2192,9,3037-3035
2193,5,3042-3060
2194,4,3018-3063
2195,3,3069-3068
2196,1,3058-3078
2197,3,3007-3066
2198,2,3067-3011
2199,5,3010-3042
2200,1,3057-3045
2201,4,3075-3056
2202,2,3038-3011
2203,1,3078-3008
2204,1,3021-3020
2205,4,3008-3029
2206,3,3011-3055
2207,8,3059-3064
2208,11,3052-3055
2209,11,3027-3074
2210,7,3063-3040
2211,4,3040-3063
2212,8,3042-3046
2213,1,3040-4108
2214,7,3059-3033
2215,1,3040-3021
2216,9,3029-3037
2217,4,3006-3037
2218,2,3067-4108
2219,5,3067-3068
2220,24,3024-3038
2221,1,3064-3065
2222,7,3038-3060
2223,3,3056-3052
2224,40,3028-3056
2225,1,3033-3060
2226,2,3076-3016
2227,1,4108-3067
2228,7,3018-3051
2229,1,3018-3040
2230,8,3063-3029
2231,9,3074-3059
2232,9,3032-3048
2233,11,3069-3077
2234,2,3058-3054
2235,3,3045-3074
2236,3,3074-3045
2237,6,3011-3030
2238,5,3068-3027
2239,1,3081-3062
2240,2,3019-3040
2241,5,3042-3081
2242,14,3030-3078
2243,1,4108-3021
2244,3,3060-3008
2245,1,3076-3065
2246,1,3020-3021
2247,4,3031-3079
2248,4,3045-3033
2249,6,3033-3045
2250,3,3079-3067
2251,4,3048-3068
2252,1,3054-3023
2253,7,3081-3058
2254,2,3023-3054
2255,5,3008-3057
2256,4,3057-3008
2257,2,3010-3076
2258,18,3034-3025
2259,3,3076-3023
2260,3,3052-3021
2261,6,3028-3067
2262,5,3023-3076
2263,29,3068-3062
2264,6,3045-3014
2265,2,3018-3033
2266,4,3014-3034
2267,5,3045-3081
2268,3,3007-3024
2269,2,3081-3020
2270,11,3014-3037
2271,2,3040-3051
2272,5,3036-3031
2273,3,3037-3006
2274,5,3077-3075
2275,3,3068-3033
2276,4,3059-3075
2277,4,3051-3047
2278,1,3054-3024
2279,4,3051-3076
2280,2,3078-3005
2281,6,3055-3046
2282,5,3066-3006
2283,2,3029-3052
2284,3,3034-3068
2285,11,3019-3054
2286,1,3033-3054
2287,4,3054-3019
2288,2,3010-3064
2289,4,3038-3052
2290,2,3025-3064
2291,1,3021-3007
2292,1,3021-3056
2293,4,3062-3008
2294,1,3011-3078
2295,15,3069-3046
2296,3,3026-3062
2297,9,3059-3051
2298,3,3054-3048
2299,22,3032-3055
2300,3,3067-3024
2301,3,3069-3059
2302,6,3008-3065
2303,29,3042-3077
2304,7,3081-3069
2305,3,3052-3036
2306,1,3042-3010
2307,4,3059-3034
2308,5,3045-3077
2309,1,3058-3066
2310,10,3059-3005
2311,12,3028-3074
2312,3,3036-3066
2313,2,3026-3037
2314,2,3081-3031
2315,2,3075-3065
2316,10,3068-3036
2317,5,3055-3052
2318,3,3056-3010
2319,2,3068-3080
2320,1,3022-3011
2321,3,3080-3081
2322,1,3055-3057
2323,4,3008-3062
2324,2,3020-3034
2325,3,3074-3020
2326,1,3081-3064
2327,3,3052-3019
2328,4,3080-3076
2329,5,3075-3029
2330,5,3076-3080
2331,3,3048-3051
2332,1,3054-3046
2333,1,3057-3055
2334,7,3059-3056
2335,26,3056-3059
2336,2,3005-3060
2337,2,3036-3065
2338,9,3080-3074
2339,3,3047-3030
2340,1,3045-3010
2341,1,3010-3045
2342,1,3067-3057
2343,5,3028-3011
2344,2,3059-3081
2345,7,3025-3014
2346,16,3059-3025
2347,2,3016-3047
2348,4,4108-3062
2349,5,3054-3038
2350,1,3054-3051
2351,1,3034-3014
2352,3,3047-3036
2353,10,3047-3049
2354,8,3034-3020
2355,4,3020-3038
2356,2,3048-3035
2357,1,3045-3023
2358,17,3038-3024
2359,3,3023-3045
2360,30,3062-3054
2361,2,3035-3036
2362,6,3051-3024
2363,6,3033-3048
2364,1,3018-3060
2365,1,3029-3059
2366,4,3052-3029
2367,1,3060-3018
2368,2,3062-3052
2369,8,3035-3065
2370,1,3048-3078
2371,5,3062-3047
2372,4,3022-3046
2373,1,3038-3081
2374,20,3027-3081
2375,5,3006-3059
2376,1,3036-3024
2377,5,3014-3047
2378,6,3078-3028
2379,4,3029-3078
2380,2,3020-3007
2381,2,3023-3040
2382,3,3029-3079
2383,8,3078-3038
2384,4,3062-3032
2385,3,3006-3046
2386,10,3078-3042
2387,1,3074-3028
2388,11,3064-3036
2389,2,3055-3026
2390,14,3029-3054
2391,5,3059-3006
2392,1,3036-3032
2393,1,3008-3033
2394,3,3065-3028
2395,4,3081-3045
2396,4,3010-3080
2397,1,3008-3045
2398,1,3045-3008
2399,5,3067-3052
2400,1,3081-3033
2401,2,3060-3011
2402,1,3018-3024
2403,3,3011-3007
2404,4,3029-3018
2405,8,3025-3059
2406,1,3010-3008
2407,2,3033-3023
2408,1,3065-3075
2409,1,3036-3054
2410,3,3078-3051
2411,4,3027-3026
2412,9,3076-3055
2413,4,3048-3079
2414,2,3076-3037
2415,3,3040-3067
2416,3,3058-3033
2417,12,3075-3047
2418,2,3032-3026
2419,9,3057-3034
2420,2,3055-3078
2421,1,3045-3038
2422,2,3033-3075
2423,11,3038-3033
2424,2,3064-3010
2425,6,3048-3080
2426,1,3045-3005
2427,2,3035-3045
2428,11,3031-3081
2429,1,3011-3028
2430,3,3045-3031
2431,1,3080-3014
2432,96,3068-3082
2433,8,3038-3018
2434,33,3007-3082
2435,5,3023-3028
2436,8,3028-3082
2437,2,3052-3026
2438,25,3082-3042
2439,94,3082-3069
2440,25,3082-3051
2441,5,3034-3082
2442,6,3025-3051
2443,3,3029-3007
2444,3,3029-3075
2445,19,3027-3082
2446,4,3082-3034
2447,8,3081-3055
2448,1,3007-3079
2449,6,3060-3069
2450,12,3038-3007
2451,4,3047-3063
2452,105,3069-3082
2453,46,3064-3082
2454,29,3023-3082
2455,1,3081-3042
2456,37,3042-3082
2457,6,3075-3036
2458,51,3054-3005
2459,51,3063-3082
2460,7,3082-3052
2461,104,3082-3031
2462,118,3082-3005
2463,7,3082-3076
2464,21,3082-3055
2465,61,3046-3082
2466,63,3006-3082
2467,5,3035-3048
2468,45,3038-3082
2469,29,3082-3038
2470,2,3055-3080
2471,4,3024-3078
2472,20,3082-3064
2473,5,3075-3014
2474,75,3031-3082
2475,1,4108-3005
2476,3,3024-3082
2477,1,3029-3032
2478,5,3052-3082
2479,40,3051-3082
2480,58,3082-3006
2481,36,3082-3016
2482,2,3025-3062
2483,45,3082-3046
2484,3,3032-3082
2485,7,3049-3082
2486,26,3029-3082
2487,1,3034-3029
2488,87,3030-3082
2489,43,3082-3082
2490,52,3082-3030
2491,1,3074-3065
2492,1,3047-3079
2493,2,3066-3062
2494,8,3031-3045
2495,5,3075-3062
2496,91,3022-3082
2497,22,3082-3048
2498,6,3008-3074
2499,4,3019-3067
2500,65,3005-3082
2501,37,3016-3082
2502,32,3042-3051
2503,9,3029-3023
2504,16,3082-3036
2505,4,3008-3014
2506,6,3038-3025
2507,1,3082-3065
2508,8,3048-3081
2509,1,3042-4108
2510,27,3014-3082
2511,2,3026-3052
2512,42,3058-3082
2513,2,3032-3054
2514,2,3054-3032
2515,13,3076-3082
2516,38,3049-3029
2517,2,3045-3063
2518,7,3080-3048
2519,87,3067-3082
2520,5,3049-3027
2521,4,3063-3045
2522,5,3007-3032
2523,50,3005-3026
2524,1,3063-3010
2525,1,3051-3065
2526,5,3063-3025
2527,67,3082-3022
2528,30,3082-3027
2529,29,3082-3058
2530,26,3082-3014
2531,2,3026-3028
2532,6,3074-3077
2533,1,3075-3066
2534,2,3052-4108
2535,1,3018-3078
2536,2,3069-3078
2537,1,3078-3018
2538,9,3082-3049
2539,2,3066-3034
2540,4,3046-3006
2541,3,3034-3023
2542,9,3052-3042
2543,2,3029-3077
2544,1,3018-3036
2545,3,3077-3029
2546,1,4108-3052
2547,1,3022-4108
2548,6,3064-3011
2549,38,3048-3082
2550,51,3037-3082
2551,18,3082-3062
2552,18,3055-3082
2553,1,3040-3079
2554,4,3051-3036
2555,4,3082-3018
2556,1,3064-3045
2557,6,3059-3008
2558,1,3006-4108
2559,1,3024-3033
2560,2,3028-3007
2561,23,3082-3023
2562,2,3074-3081
2563,19,3075-3025
2564,3,3057-3030
2565,5,3014-3077
2566,1,3056-3027
2567,37,3025-3075
2568,3,3024-3029
2569,16,3082-3067
2570,9,3077-3014
2571,6,3047-3057
2572,1,3054-3034
2573,6,3082-3047
2574,3,3049-3054
2575,5,3030-3077
2576,50,3082-3035
2577,8,3074-3007
2578,1,3024-3057
2579,1,3078-3029
2580,17,3082-3054
2581,3,3010-3081
2582,23,3054-3082
2583,1,3046-3079
2584,3,3020-3006
2585,8,3067-3078
2586,1,3011-3082
2587,7,3019-3082
2588,7,3018-3067
2589,2,3011-3065
2590,3,3062-3045
2591,3,3045-3025
2592,1,3025-3045
2593,2,3058-3016
2594,3,3023-3068
2595,7,3052-3067
2596,2,3062-3068
2597,1,3082-3024
2598,1,3010-3057
2599,1,3065-3008
2600,2,3080-3035
2601,6,3033-3082
2602,3,3082-3074
2603,4,3046-3074
2604,2,3068-3037
2605,3,3022-3074
2606,1,3008-3020
2607,1,3020-3008
2608,3,3024-3040
2609,17,3036-3082
2610,1,3033-3079
2611,4,3057-3076
2612,3,3011-3052
2613,3,3048-3065
2614,5,3082-3079
2615,11,3038-3020
2616,2,3033-3066
2617,4,3082-3026
2618,3,3007-3065
2619,5,3065-3029
2620,8,3063-3020
2621,1,3074-3068
2622,14,3082-3068
2623,2,3027-3078
2624,1,3022-3019
2625,1,3066-3040
2626,4,3037-3064
2627,61,3082-3037
2628,4,3042-3033
2629,3,3082-3056
2630,17,3034-3057
2631,1,3075-3057
2632,2,3056-3082
2633,7,3059-3052
2634,7,3082-3033
2635,1,3016-3034
2636,13,3082-3029
2637,7,3067-3019
2638,5,3075-3082
2639,1,3024-3076
2640,1,3045-3042
2641,5,3069-3056
2642,5,3030-3037
2643,2,3060-3025
2644,9,3054-3062
2645,2,3077-3051
2646,1,3074-3060
2647,9,3079-3082
2648,2,3059-3010
2649,2,3057-3006
2650,1,3028-3038
2651,1,3068-3025
2652,8,3082-3075
2653,1,3040-3075
2654,8,3052-3057
2655,2,3076-3036
2656,6,3057-3049
2657,13,3062-3082
2658,4,3075-3027
2659,3,3046-3051
2660,5,3068-3011
2661,2,3032-3068
2662,2,3047-3046
2663,2,3082-3066
2664,1,3006-3024
2665,3,3032-3036
2666,1,3006-3078
2667,1,4108-3047
2668,5,3074-3033
2669,27,3059-3062
2670,2,3081-3067
2671,2,3051-3078
2672,1,3011-4108
2673,1,3069-3057
2674,7,3076-3051
2675,7,3074-3082
2676,2,3059-3045
2677,3,3028-3066
2678,1,3062-3066
2679,1,3010-3062
2680,7,3037-3077
2681,2,3008-3077
2682,1,3007-3054
2683,2,3010-3056
2684,5,3077-3074
2685,1,3011-3059
2686,4,3033-3077
2687,5,3035-3059
2688,3,3019-3058
2689,1,3036-3020
2690,2,3046-3055
2691,2,3027-3040
2692,10,3067-3051
2693,2,3018-3023
2694,2,3018-3027
2695,2,3062-3026
2696,4,3056-3008
2697,2,3046-3058
2698,2,3008-3059
2699,2,3058-3046
2700,2,3033-3008
2701,23,3022-3081
2702,23,3081-3022
2703,1,3045-3056
2704,12,3042-3075
2705,1,3034-3058
2706,2,3068-3065
2707,3,3062-3078
2708,4,3011-3032
2709,2,3029-3068
2710,22,3062-3046
2711,2,3032-3027
2712,2,3079-3029
2713,1,3018-3016
2714,1,3005-3078
2715,9,3005-3054
2716,5,3077-3064
2717,7,3025-3034
2718,1,3045-3022
2719,6,3019-3062
2720,5,3062-3019
2721,1,3033-3080
2722,32,3035-3082
2723,6,3069-3081
2724,2,3007-3057
2725,4,3076-3020
2726,3,3020-3063
2727,5,3011-3069
2728,1,3062-3040
2729,1,3056-3055
2730,1,3046-3077
2731,5,3052-3059
2732,1,3040-3048
2733,3,3062-3049
2734,3,3062-3081
2735,5,3081-3005
2736,1,3060-3059
2737,4,3026-3082
2738,2,3036-3045
2739,1,3045-3064
2740,5,3082-3081
2741,1,3057-3037
2742,1,3025-3011
2743,1,3069-3020
2744,5,3062-3076
2745,1,3038-3045
2746,1,3025-3063
2747,17,3035-3042
2748,3,3030-3052
2749,3,3023-3026
2750,1,3058-3020
2751,2,3019-3079
2752,2,3025-3029
2753,9,3023-3005
2754,13,3028-3016
2755,1,3057-3052
2756,3,3082-3025
2757,6,3036-3029
2758,3,3076-3027
2759,3,3079-3019
2760,1,3058-3007
2761,1,3080-3047
2762,5,3082-3032
2763,2,3007-3058
2764,2,3051-3040
2765,1,3030-3057
2766,1,3037-4108
2767,1,3026-3066
2768,2,3060-3045
2769,4,3077-3033
2770,1,3006-3060
2771,1,3060-3064
2772,1,3033-3052
2773,1,3079-3035
2774,3,3080-3031
2775,5,3068-3052
2776,2,3057-3010
2777,1,3059-3049
2778,2,3007-3033
2779,3,3025-3038
2780,2,3075-3054
2781,2,3018-3082
2782,2,3019-3052
2783,2,3011-3068
2784,3,3064-3054
2785,1,3016-3010
2786,48,3082-3063
2787,4,3052-3076
2788,1,3064-3080
2789,2,3080-3055
2790,3,3056-3031
2791,1,3016-3058
2792,1,3079-3075
2793,2,3025-3022
2794,1,3042-3020
2795,1,3081-3007
2796,4,3066-3080
2797,29,3049-3066
2798,1,3020-3054
2799,4,3078-3082
2800,27,3066-3049
2801,2,3051-3056
2802,1,3027-3020
2803,23,3076-3011
2804,12,3082-3007
2805,1,3016-3011
2806,22,3063-3056
2807,1,3065-3068
2808,11,3023-3007
2809,1,3080-3066
2810,17,3028-3055
2811,4,3079-3069
2812,1,3019-3037
2813,6,3064-3081
2814,4,3065-3048
2815,4,3023-3065
2816,1,3066-3076
2817,1,3014-3080
2818,2,3056-3045
2819,3,3077-3019
2820,1,3011-3051
2821,1,3022-3024
2822,2,3007-3016
2823,1,3026-3048
2824,1,3066-3036
2825,1,3016-3046
2826,2,3027-3079
2827,1,3037-3074
2828,1,3020-3022
2829,2,3060-3075
2830,2,3051-3010
2831,7,3066-3081
2832,1,3023-3075
2833,2,3038-3068
2834,1,3036-3019
2835,2,3068-3059
2836,1,3065-3076
2837,2,3027-3077
2838,4,3074-3027
2839,2,3078-3081
2840,1,3040-3082
2841,5,3068-3040
2842,6,3081-3066
2843,3,3082-3008
2844,1,3046-3052
2845,2,3056-3062
2846,1,3051-3054
2847,3,3011-3020
2848,1,3022-3020
2849,2,3020-3074
2850,2,3063-3057
2851,1,3022-3025
2852,3,3051-3077
2853,4,3057-3063
2854,2,3081-3076
2855,1,3040-3078
2856,1,3005-3080
2857,6,3062-3075
2858,3,3077-3045
2859,1,3045-3076
2860,6,3082-3019
2861,2,3057-3005
2862,4,3081-3082
2863,3,3056-3076
2864,2,3046-3078
2865,2,3065-3082
2866,3,3062-3016
2867,1,3025-3057
2868,3,3023-3035
2869,1,3055-3040
2870,1,3040-3022
2871,2,3054-3064
2872,8,3078-3069
2873,1,3058-3019
2874,7,3081-3077
2875,3,3052-3066
2876,2,3038-3056
2877,1,3082-3028
2878,8,3058-3081
2879,1,3075-3079
2880,2,3068-3060
2881,1,3028-3034
2882,1,3037-3047
2883,1,3048-3020
2884,3,3026-3075
2885,5,3066-3029
2886,1,3037-3016
2887,1,3076-3024
2888,3,3075-3033
2889,2,3078-3035
2890,2,3081-3036
2891,2,3036-3081
2892,2,3077-3065
2893,3,3077-3082
2894,3,3036-3027
2895,2,3069-3011
2896,1,3059-3035
2897,1,3011-3024
2898,1,3032-3020
2899,1,3020-3064
2900,1,3025-3069
2901,1,3011-3026
2902,1,3058-3047
2903,1,3025-3060
2904,2,3062-3065
2905,2,3026-3011
2906,1,3049-3037
2907,4,3081-3074
2908,2,3081-3052
2909,2,3067-3047
2910,1,3011-3067
2911,2,3051-3007
2912,1,3059-3040
2913,4,3047-3080
2914,1,3065-3054
2915,1,3058-3080
2916,1,3080-3030
2917,2,3079-3051
2918,2,3056-3020
2919,1,3077-3056
2920,1,3067-3056
2921,10,3058-3029
2922,17,3029-3058
2923,1,3037-3007
2924,2,3060-3006
2925,2,3020-3059
2926,2,3081-3048
2927,4,3020-3056
2928,1,3040-3025
2929,1,3081-3011
2930,2,3081-3010
2931,1,3025-3076
2932,1,3080-3036
2933,2,3078-3066
2934,5,3019-3057
2935,1,3025-3030
2936,19,3049-3081
2937,1,3081-3051
2938,2,3010-3016
2939,3,3022-3047
2940,4,3077-3035
2941,1,3045-3030
2942,2,3005-3081
2943,3,3029-3046
2944,2,3020-3033
2945,1,3051-3060
2946,2,3060-3029
2947,1,3077-3066
2948,1,3029-3028
2949,1,3055-3019
2950,1,3078-3007
2951,1,3066-3077
2952,1,3045-3057
2953,3,3074-3058
2954,3,3036-3055
2955,3,3020-3025
2956,1,3078-3062
2957,2,3037-3052
2958,1,3020-3057
2959,1,3057-3007
2960,2,3020-3060
2961,3,3011-3025
2962,1,3022-3078
2963,3,3057-3019
2964,1,3047-3014
2965,1,3052-3079
2966,1,3046-3011
2967,2,3026-3016
2968,1,3032-3057
2969,2,3081-3049
2970,1,3081-3034
2971,5,3082-3078
2972,1,3034-3081
2973,1,3028-3058
2974,3,3056-3018
2975,4,3058-3023
2976,2,3010-3035
2977,1,3068-3057
2978,1,3057-3033
2979,1,3082-3010
2980,1,3019-3048
2981,2,3056-3081
2982,1,3052-3081
2983,2,3052-3027
2984,6,3008-3082
2985,1,3058-3006
2986,1,3064-3078
2987,1,3075-3060
2988,1,3063-3046
2989,1,3024-3081
2990,1,3020-3037
2991,1,3014-3075
2992,1,3051-3081
2993,1,3082-3060
2994,7,3047-3027
2995,1,3046-3054
2996,2,3022-3040
2997,3,3056-3029
2998,3,3082-3011
2999,3,3020-3076
3000,1,3075-3028
3001,1,3066-3055
3002,1,3020-3047
3003,3,3049-3062
3004,1,3048-3026
3005,1,3067-3045
3006,2,3080-3033
3007,1,3006-3065
3008,1,3026-3059
3009,1,3049-3059
3010,2,3059-3069
3011,1,3057-3032
3012,1,3033-3068
3013,2,3010-3006
3014,1,3027-3046
3015,2,3060-3038
3016,1,3020-3080
3017,1,3080-3069
3018,1,3066-3082
3019,1,3030-3025
3020,1,3076-3056
3021,1,3060-3082
3022,1,3028-3057
3023,1,3020-3081
3024,2,3046-3029
3025,1,3054-3075
3026,1,3076-3059
3027,3,3047-3082
3028,2,3033-3026
3029,1,3007-3059
3030,1,3056-3038
3031,1,3079-3062
3032,1,3051-3080
3033,1,3082-3020
3034,1,3065-3037
3035,1,3020-3082
3036,2,3031-3060
3037,2,3045-3060
3038,1,3077-3040
3039,1,3040-3077
3040,1,3074-3046
3041,1,3040-3018
3042,2,3082-3077
3043,1,3026-3019
3044,1,3023-3055
3045,1,3035-3081
3046,1,3034-3022
3047,1,3065-3032
3048,1,3005-3010
3049,2,3033-3059
3050,1,3047-3024
3051,1,3008-3066
3052,1,3028-3075
3053,1,3077-3054
3054,2,3038-3078
3055,1,3054-3029
3056,3,3011-3058
3057,1,3080-3082
3058,1,3075-3040
3059,1,3066-3052
3060,2,3028-3046
3061,1,3062-3074
3062,1,3045-3059
3063,1,3074-3010
3064,1,3077-3059
3065,1,3058-3011
3066,1,3018-3065
3067,3,3038-3054
3068,1,3032-3080
3069,1,3080-3064
3070,1,3035-3078
3071,1,3035-3010
3072,1,3031-3080
